{
  "best": "Gradient Boosting",
  "metrics": {
    "Linear Regression": {
      "MAE": 21972838.914241,
      "RMSE": 70551954.869824,
      "R2": 0.865811,
      "Accuracy": 0.896445,
      "Precision": 0.893927,
      "Recall": 0.896445,
      "F1": 0.895009
    },
    "Ridge Regression": {
      "MAE": 22038900.338028,
      "RMSE": 69421090.099827,
      "R2": 0.870079,
      "Accuracy": 0.890263,
      "Precision": 0.890508,
      "Recall": 0.890263,
      "F1": 0.890242
    },
    "Decision Tree": {
      "MAE": 24554574.25424,
      "RMSE": 76956652.634776,
      "R2": 0.840342,
      "Accuracy": 0.877898,
      "Precision": 0.879651,
      "Recall": 0.877898,
      "F1": 0.878606
    },
    "Random Forest": {
      "MAE": 20892376.925855,
      "RMSE": 63505077.434534,
      "R2": 0.891279,
      "Accuracy": 0.921175,
      "Precision": 0.919939,
      "Recall": 0.921175,
      "F1": 0.920292
    },
    "Gradient Boosting": {
      "MAE": 20803617.121125,
      "RMSE": 63476752.463958,
      "R2": 0.891376,
      "Accuracy": 0.92272,
      "Precision": 0.922072,
      "Recall": 0.92272,
      "F1": 0.922061
    },
    "CatBoost": {
      "MAE": 20516181.064114,
      "RMSE": 66308589.768649,
      "R2": 0.881468,
      "Accuracy": 0.918083,
      "Precision": 0.917448,
      "Recall": 0.918083,
      "F1": 0.917493
    },
    "LightGBM": {
      "MAE": 21282399.17536,
      "RMSE": 68709656.261525,
      "R2": 0.872728,
      "Accuracy": 0.914992,
      "Precision": 0.914033,
      "Recall": 0.914992,
      "F1": 0.91442
    },
    "XGBoost": {
      "MAE": 20431384.31221,
      "RMSE": 64537784.400669,
      "R2": 0.887714,
      "Accuracy": 0.916538,
      "Precision": 0.915994,
      "Recall": 0.916538,
      "F1": 0.916093
    },
    "LightGBM+XGBoost Blend": {
      "MAE": 20551139.015972,
      "RMSE": 65147906.439971,
      "R2": 0.885581,
      "Accuracy": 0.919629,
      "Precision": 0.919517,
      "Recall": 0.919629,
      "F1": 0.919446
    }
  }
}